	ENG_c	FR_c	eng_stem	fr_stem	ratio_similarity
0	academic	académique	academ	academ	100
1	acentric	acentrique	acentr	acentr	100
2	acerbic	acerbe	acerb	acerb	100
3	acetic	acétique	acet	acet	100
4	achromatic	achromatique	achromat	achromat	100
5	acidic	acide	acid	acid	100
6	acoustic	acoustique	acoust	acoust	100
7	acrobatic	acrobatique	acrobat	acrobat	100
8	acrostic	acrostiche	acrost	acrostich	80
9	acrylic	acrylique	acryl	acryl	100
10	acyclic	acyclique	acycl	acycl	100
11	adhoc	ad hoc	adhoc	ad hoc	91
12	adiabatic	adiabatique	adiabat	adiabat	100
13	aerobatic	voltige	aerobat	voltig	31
14	aerobic	aérobique	aerob	aérob	80
15	aerodynamic	aérodynamique	aerodynam	aérodynam	89
16	aeronautic	aéronautique	aeronaut	aéronaut	88
17	aesthetic	esthétique	aesthet	esthet	92
18	agnostic	agnostique	agnost	agnost	100
19	agoraphobic	agoraphobe	agoraphob	agoraphob	100
20	alcoholic	alcoolique	alcohol	alcool	92
21	alembic	alambic	alemb	alambic	67
22	algebraic	algébrique	algebra	algebr	92
23	algorithmic	algorithmique	algorithm	algorithm	100
24	aliphatic	aliphatique	aliphat	aliphat	100
25	alkalic	alcaline	alkal	alcalin	67
26	allelic	allélique	allel	allel	100
27	allergic	allergique	allerg	allerg	100
28	allotropic	allotropique	allotrop	allotrop	100
29	almanac	almanach	almanac	almanach	93
30	alphabetic	alphabétique	alphabet	alphabet	100
31	alphanumeric	alphanumérique	alphanumer	alphanumer	100
32	altruistic	altruiste	altruist	altruist	100
33	amnesiac	amnésique	amnesiac	amnes	77
34	amnesic	amnésique	amnes	amnes	100
35	amniotic	amniotique	amniot	amniot	100
36	amoebic	amibienne	amoeb	amibien	50
37	anabolic	anabolisant	anabol	anabolis	86
38	anachronistic	anachronique	anachronist	anachron	84
39	anaemic	anémique	anaem	anem	89
40	anaerobic	anaérobie	anaerob	anaérob	86
41	anaesthetic	anesthésique	anaesthet	anesthes	82
42	anagrammatic	anagrammatique	anagrammat	anagrammat	100
43	analgesic	analgésique	analges	analges	100
44	analytic	analytique	analyt	analyt	100
45	anamorphic	anamorphique	anamorph	anamorph	100
46	anaphoric	anaphorique	anaphor	anaphor	100
47	anarchic	anarchique	anarch	anarch	100
48	anarchistic	anarchiste	anarchist	anarch	80
49	anatomic	anatomique	anatom	anatom	100
50	anechoic	anéchoïque	anecho	anéchoïqu	67
51	anemic	anémique	anem	anem	100
52	angelic	angélique	angel	angel	100
53	anionic	anionique	anion	anion	100
54	anisotropic	anisotrope	anisotrop	anisotrop	100
55	anomic	anomique	anom	anom	100
56	anorexic	anorexique	anorex	anorex	100
57	antagonistic	antagoniste	antagonist	antagon	82
58	anthropic	anthropique	anthrop	anthrop	100
59	anthropocentric	anthropocentrique	anthropocentr	anthropocentr	100
60	anthropogenic	anthropique	anthropogen	anthrop	78
61	anthropometric	anthropométrique	anthropometr	anthropometr	100
62	anthropomorphic	anthropomorphe	anthropomorph	anthropomorph	100
63	antibiotic	antibiotique	antibiot	antibiot	100
64	antic	antique	antic	antiqu	73
65	antigenic	antigénique	antigen	antigen	100
66	antipathetic	antipathique	antipathet	antipath	89
67	antiseptic	antiseptique	antisept	antisept	100
68	antistatic	antistatique	antistat	antistat	100
69	antisymmetric	antisymétrique	antisymmetr	antisymetr	95
70	antithetic	antithétique	antithet	antithet	100
71	aortic	aortique	aortic	aortiqu	77
72	apathetic	apathique	apathet	apath	83
73	aperiodic	apériodique	aperiod	apériod	86
74	aphoristic	aphoristique	aphorist	aphorist	100
75	aphrodisiac	aphrodisiaque	aphrodisiac	aphrodisiaqu	87
76	apocalyptic	apocalyptique	apocalypt	apocalypt	100
77	apologetic	apologétique	apologet	apologet	100
78	apoplectic	apoplectique	apoplect	apoplect	100
79	apostolic	apostolique	apostol	apostol	100
80	aquatic	aquatique	aquat	aquat	100
81	arabic	arabe	arab	arab	100
82	arc	arc	arc	arc	100
83	archaic	archaïque	archaic	archaïqu	67
84	architectonic	architectonique	architecton	architecton	100
85	arctic	Arctique	arctic	arctiqu	77
86	aristocratic	aristocratique	aristocrat	aristocrat	100
87	arithmetic	arithmétique	arithmet	arithmet	100
88	aromatic	aromatique	aromat	aromat	100
89	arsenic	arsenic	arsen	arsenic	83
90	arthritic	arthritique	arthrit	arthrit	100
91	artistic	artistique	artist	artist	100
92	ascetic	ascétique	ascet	ascet	100
93	ascorbic	ascorbique	ascorb	ascorb	100
94	aseptic	aseptique	asept	asept	100
95	asiatic	asiatique	asiat	asiat	100
96	aspic	gelée	aspic	gel	0
97	asthmatic	asthmatique	asthmat	asthmat	100
98	astigmatic	astigmate	astigmat	astigmat	100
99	astronomic	astronomique	astronom	astronom	100
100	asymmetric	asymétrique	asymmetr	asymetr	93
101	asymptomatic	asymptomatique	asymptomat	asymptomat	100
102	asymptotic	asymptotique	asymptot	asymptot	100
103	atavistic	atavique	atavist	atav	73
104	atheistic	athée	atheist	athé	55
105	athletic	athlétique	athlet	athlet	100
106	atlantic	atlantique	atlant	atlant	100
107	atmospheric	atmosphérique	atmospher	atmospher	100
108	atomic	atomique	atom	atom	100
109	atomistic	atomiste	atomist	atom	73
110	atonic	atonique	aton	aton	100
111	attic	grenier	attic	greni	20
112	auric	aurique	auric	auriqu	73
113	authentic	authentique	authent	authent	100
114	autistic	autistique	autist	autist	100
115	autocratic	autocratique	autocrat	autocrat	100
116	automatic	automatique	automat	automat	100
117	autonomic	autonome	autonom	autonom	100
118	axiomatic	axiomatique	axiomat	axiomat	100
119	ayurvedic	ayurvédique	ayurved	ayurved	100
120	aztec	aztèque	aztec	aztequ	73
121	balletic	ballétique	ballet	ballet	100
122	ballistic	balistique	ballist	balist	92
123	baltic	baltique	baltic	baltiqu	77
124	barbaric	barbare	barbar	barbar	100
125	barometric	barométrique	barometr	barometr	100
126	basaltic	basaltique	basalt	basalt	100
127	basic	de base	basic	de bas	55
128	bathetic	bathétique	bathet	bathet	100
129	beatific	béatifique	beatif	béatif	83
130	bibliographic	bibliographique	bibliograph	bibliograph	100
131	biometric	biométrique	biometr	biometr	100
132	bionic	bionique	bionic	bioniqu	77
133	biotic	biotique	biotic	biotiqu	77
134	bishopric	évêché	bishopr	évêch	17
135	bivouac	bivouac	bivouac	bivouac	100
136	bloc	bloc	bloc	bloc	100
137	bombastic	grandiloquent	bombast	grandiloquent	20
138	boracic	borique	borac	boriqu	55
139	botanic	botanique	botan	botan	100
140	bricabrac	bricabrac	bricabrac	bricabrac	100
141	bubonic	bubonique	bubon	bubon	100
142	bucolic	bucolique	bucol	bucol	100
143	bulimic	boulimique	bulim	boulim	91
144	bureaucratic	bureaucratique	bureaucrat	bureaucrat	100
145	calligraphic	calligraphique	calligraph	calligraph	100
146	calorific	calorifique	calorif	calorif	100
147	cannibalistic	cannibale	cannibalist	cannibal	84
148	canonic	canonique	canon	canon	100
149	capitalistic	capitaliste	capitalist	capital	82
150	carbolic	phéniqué	carbol	phéniqu	0
151	carbonic	carbonique	carbon	carbon	100
152	carcinogenic	cancérigène	carcinogen	cancérigen	70
153	cardiac	cardiaque	cardiac	cardiaqu	80
154	cartographic	cartographique	cartograph	cartograph	100
155	cataclysmic	cataclysmique	cataclysm	cataclysm	100
156	catalytic	catalytique	catalyt	catalyt	100
157	catastrophic	catastrophique	catastroph	catastroph	100
158	catatonic	catatonique	cataton	cataton	100
159	cathartic	cathartique	cathart	cathart	100
160	catholic	catholique	cathol	cathol	100
161	cationic	cationique	cation	cation	100
162	caustic	caustique	caustic	caustiqu	80
163	celeriac	céleri	celeriac	céler	62
164	celtic	celtique	celtic	celtiqu	77
165	centric	central	centric	central	71
166	ceramic	céramique	ceram	céram	80
167	chaotic	chaotique	chaotic	chaotiqu	80
168	charabanc	charabanc	charabanc	charabanc	100
169	characteristic	caractéristique	characterist	caractérist	87
170	charismatic	charismatique	charismat	charismat	100
171	chauvinistic	chauvin	chauvinist	chauvin	82
172	chemic	chimie	chemic	chim	60
173	chemotherapeutic	chimiothérapie	chemotherapeut	chimiothérap	69
174	cherubic	de chérubin	cherub	de chérubin	59
175	chic	élégant	chic	éleg	0
176	chiropractic	chiropratique	chiropract	chiroprat	95
177	chivalric	chevaleresque	chivalr	chevaleresqu	63
178	choreographic	chorégraphie	choreograph	chorégraph	86
179	chromatic	chromatique	chromat	chromat	100
180	chromatographic	chromatographique	chromatograph	chromatograph	100
181	chronic	chronique	chronic	chroniqu	80
182	chronometric	chronométrique	chronometr	chronometr	100
183	cinematic	cinématique	cinemat	cinémat	86
184	cirrhotic	cirrhotique	cirrhot	cirrhot	100
185	citric	citrique	citric	citriqu	77
186	civic	civique	civic	civiqu	73
187	classic	classique	classic	classiqu	80
188	claustrophobic	claustrophobe	claustrophob	claustrophob	100
189	cleric	clerc	cleric	clerc	91
190	climactic	climactique	climact	climact	100
191	climatic	climatique	climat	climat	100
192	clinic	clinique	clinic	cliniqu	77
193	cognac	Cognac	cognac	cognac	100
194	colonic	colique	colon	coliqu	55
195	comic	bande dessinée	comic	bande dessin	12
196	concentric	concentrique	concentr	concentr	100
197	conic	conique	conic	coniqu	73
198	conspecific	conspécifique	conspecif	conspécif	89
199	cosmetic	cosmétique	cosmet	cosmet	100
200	cosmic	cosmique	cosmic	cosmiqu	77
201	critic	critique	critic	critiqu	77
202	cryogenic	cryogénique	cryogen	cryogen	100
203	cryptanalytic	cryptanalytique	cryptanalyt	cryptanalyt	100
204	cryptic	cryptique	cryptic	cryptiqu	80
205	cryptographic	cryptographique	cryptograph	cryptograph	100
206	crystallographic	cristallographique	crystallograph	cristallograph	93
207	cubic	cubique	cubic	cubiqu	73
208	cubistic	cubiste	cubist	cubist	100
209	culdesac	culdesac	culdesac	culdesac	100
210	cybernetic	cybernétique	cybernet	cybernet	100
211	cyclic	cyclique	cyclic	cycliqu	77
212	cynic	cynique	cynic	cyniqu	73
213	cystic	cystique	cystic	cystiqu	77
214	cytogenetic	cytogénétique	cytogenet	cytogénet	89
215	cytoplasmic	cytoplasmique	cytoplasm	cytoplasm	100
216	cytotoxic	cytotoxique	cytotox	cytotox	100
217	dactylic	dactylique	dactyl	dactyl	100
218	daemonic	démoniaque	daemon	démoniaqu	53
219	demagogic	démagogique	demagog	démagog	86
220	democratic	démocratique	democrat	démocrat	88
221	demographic	démographique	demograph	démograph	89
222	demonic	démoniaque	demon	démoniaqu	57
223	demotic	populaire	demot	populair	15
224	dendritic	dendritique	dendrit	dendrit	100
225	dermic	dermique	dermic	dermiqu	77
226	despotic	despotique	despot	despot	100
227	deterministic	déterministe	determinist	détermin	74
228	diabetic	diabétique	diabet	diabet	100
229	diabolic	diabolique	diabol	diabol	100
230	diachronic	diachronique	diachron	diachron	100
231	diagnostic	diagnostique	diagnost	diagnost	100
232	diagrammatic	schématique	diagrammat	schémat	35
233	dialectic	dialectique	dialect	dialect	100
234	diametric	diamétral	diametr	diamétral	75
235	diaphragmatic	diaphragmatique	diaphragmat	diaphragmat	100
236	diastolic	diastolique	diastol	diastol	100
237	diatomic	diatomique	diatom	diatom	100
238	diatonic	diatonique	diaton	diaton	100
239	didactic	didactique	didact	didact	100
240	dielectric	diélectrique	dielectr	diélectr	88
241	dieselelectric	dieselélectrique	dieselelectr	dieselélectr	92
242	dietetic	diététique	dietet	diétet	83
243	dimorphic	dimorphe	dimorph	dimorph	100
244	diplomatic	diplomatique	diplomat	diplomat	100
245	dipsomaniac	dipsomane	dipsomaniac	dipsoman	84
246	disc	disque	disc	disqu	67
247	disyllabic	dissyllabique	disyllab	dissyllab	94
248	diuretic	diurétique	diuret	diuret	100
249	doc	doc	doc	doc	100
250	dogmatic	dogmatique	dogmat	dogmat	100
251	domestic	national	domest	national	14
252	dramatic	spectaculaire	dramat	spectaculair	11
253	drastic	radical	drastic	radical	57
254	dualistic	dualiste	dualist	dualist	100
255	dyadic	dyadique	dyadic	dyadiqu	77
256	dynamic	dynamique	dynam	dynam	100
257	dynastic	dynastique	dynast	dynast	100
258	dyslexic	dyslexique	dyslex	dyslex	100
259	dyspeptic	dyspeptique	dyspept	dyspept	100
260	eccentric	excentrique	eccentr	excentr	86
261	ecclesiastic	ecclésiastique	ecclesiast	ecclésiast	90
262	echoic	écho	echoic	écho	60
263	eclectic	éclectique	eclect	éclect	83
264	ecliptic	écliptique	eclipt	éclipt	83
265	econometric	économétrique	econometr	économetr	89
266	economic	économique	econom	économ	83
267	ecstatic	en extase	ecstat	en extas	43
268	ectopic	ectopique	ectop	ectop	100
269	egocentric	égocentrique	egocentr	égocentr	88
270	egoistic	égoïste	egoist	égoïst	67
271	egomaniac	égoïste	egomaniac	égoïst	27
272	egotistic	égoïste	egotist	égoïst	62
273	eidetic	eidétique	eidet	eidet	100
274	elastic	élastique	elast	élast	80
275	electric	électrique	electr	électr	83
276	electrocardiographic	électrocardiographique	electrocardiograph	électrocardiograph	94
277	electrodynamic	électrodynamique	electrodynam	électrodynam	92
278	electrolytic	électrolytique	electrolyt	électrolyt	90
279	electromagnetic	électromagnétique	electromagnet	électromagnet	92
280	electronic	électronique	electron	électron	88
281	electrostatic	électrostatique	electrostat	électrostat	91
282	elegiac	élégiaque	elegiac	élégiaqu	53
283	elliptic	elliptique	ellipt	ellipt	100
284	emblematic	emblématique	emblemat	emblémat	88
285	embryonic	embryonnaire	embryon	embryonnair	78
286	emetic	émétique	emet	émet	75
287	empathetic	empathique	empathet	empath	86
288	empathic	empathique	empath	empath	100
289	emphatic	catégorique	emphat	catégor	31
290	empiric	empirique	empir	empir	100
291	encyclopaedic	encyclopédique	encyclopaed	encycloped	95
292	encyclopedic	encyclopédique	encycloped	encycloped	100
293	endemic	endémique	endem	endem	100
294	endoplasmic	endoplasmique	endoplasm	endoplasm	100
295	endoscopic	endoscopique	endoscop	endoscop	100
296	endothermic	endothermique	endotherm	endotherm	100
297	energetic	énergique	energet	énerg	67
298	enharmonic	enharmonique	enharmon	enharmon	100
299	enigmatic	énigmatique	enigmat	énigmat	86
300	enthusiastic	enthousiaste	enthusiast	enthousiast	95
301	entropic	entropique	entrop	entrop	100
302	enzymatic	enzymatique	enzymat	enzymat	100
303	epic	épique	epic	épiqu	44
304	epidemic	épidémie	epidem	épidem	83
305	epigenetic	épigénétique	epigenet	épigénet	75
306	epigrammatic	épigrammatique	epigrammat	épigrammat	90
307	epileptic	épileptique	epilept	épilept	86
308	episodic	épisodique	episod	épisod	83
309	epistemic	épistémique	epistem	épistem	86
310	epithetic	épithétique	epithet	épithet	86
311	ergodic	ergodique	ergod	ergod	100
312	ergonomic	ergonomique	ergonom	ergonom	100
313	erotic	érotique	erot	érot	75
314	erratic	erratique	errat	errat	100
315	esoteric	ésotérique	esoter	ésoter	83
316	esthetic	esthétique	esthet	esthet	100
317	ethic	éthique	ethic	éthiqu	55
318	ethnic	ethnique	ethnic	ethniqu	77
319	ethnocentric	ethnocentrique	ethnocentr	ethnocentr	100
320	ethnographic	ethnographique	ethnograph	ethnograph	100
321	eugenic	eugénique	eugen	eugen	100
322	eukaryotic	eucaryote	eukaryot	eucaryot	88
323	eulogistic	élogieux	eulogist	élogi	62
324	euphemistic	euphémique	euphemist	euphem	80
325	euphoric	euphorique	euphor	euphor	100
326	eutectic	eutectique	eutect	eutect	100
327	evangelistic	évangélique	evangelist	évangel	71
328	existentialistic	existentialiste	existentialist	existential	88
329	exothermic	exothermique	exotherm	exotherm	100
330	exotic	exotique	exot	exot	100
331	expressionistic	expressionniste	expressionist	expression	87
332	extragalactic	extragalactique	extragalact	extragalact	100
333	extralinguistic	extralinguistique	extralinguist	extralinguist	100
334	extrinsic	extrinsèque	extrins	extrinsequ	82
335	fabric	en tissu	fabric	en tissu	14
336	fanatic	fanatique	fanat	fanat	100
337	fantastic	fantastique	fantast	fantast	100
338	fatalistic	fataliste	fatalist	fatal	77
339	ferric	ferrique	ferric	ferriqu	77
340	ferromagnetic	ferromagnétique	ferromagnet	ferromagnet	100
341	fetishistic	fétichiste	fetishist	fétich	53
342	filmic	filmique	filmic	filmiqu	77
343	forensic	légal	forens	légal	0
344	formalistic	formaliste	formalist	formal	80
345	formic	formique	formic	formiqu	77
346	formulaic	formule	formula	formul	92
347	franc	franc	franc	franc	100
348	frantic	frénétique	frantic	frénet	62
349	frenetic	frénétique	frenet	frénet	83
350	frolic	gambader	frolic	gambad	0
351	futuristic	futuriste	futurist	futur	77
352	galactic	galactique	galact	galact	100
353	gallic	gaulois	gallic	gaulois	62
354	galvanic	galvanique	galvan	galvan	100
355	galvanometric	galvanométrique	galvanometr	galvanometr	100
356	ganglionic	ganglionnaire	ganglion	ganglionnair	80
357	garlic	Ail	garlic	ail	44
358	gastric	gastrique	gastric	gastriqu	80
359	gastronomic	gastronomique	gastronom	gastronom	100
360	generic	générique	gener	géner	80
361	genetic	génétique	genet	génet	80
362	genomic	génomique	genom	génom	80
363	geocentric	géocentrique	geocentr	géocentr	88
364	geodesic	géodésique	geodes	géodes	83
365	geographic	géographique	geograph	géograph	88
366	geologic	géologique	geolog	géolog	83
367	geomagnetic	géomagnétique	geomagnet	géomagnet	89
368	geometric	géométrique	geometr	géometr	86
369	geoscientific	géoscientifique	geoscientif	géoscientif	91
370	geriatric	gériatrique	geriatr	gériatr	86
371	germanic	germanique	german	german	100
372	gigantic	gigantesque	gigant	gigantesqu	75
373	gnomic	gnomique	gnomic	gnomiqu	77
374	gnostic	gnostique	gnostic	gnostiqu	80
375	gothic	gothique	gothic	gothiqu	77
376	granitic	granitique	granit	granit	100
377	graphic	graphique	graphic	graphiqu	80
378	gymnastic	gymnastique	gymnast	gymnast	100
379	gyromagnetic	gyromagnétique	gyromagnet	gyromagnet	100
380	gyroscopic	gyroscopique	gyroscop	gyroscop	100
381	haemolytic	hémolytique	haemolyt	hémolyt	80
382	haemophiliac	hémophile	haemophiliac	hémophil	70
383	haemorrhagic	hémorragique	haemorrhag	hémorrag	78
384	hamitic	hamitique	hamit	hamit	100
385	harmonic	harmonique	harmon	harmon	100
386	havoc	ravage	havoc	ravag	40
387	hectic	trépidant	hectic	trépid	33
388	hedonistic	hédonistique	hedonist	hédonist	88
389	hegemonic	hégémonique	hegemon	hégémon	71
390	heliocentric	héliocentrique	heliocentr	héliocentr	90
391	hellenic	hellénique	hellen	hellen	100
392	hemispheric	hémisphérique	hemispher	hémispher	89
393	hepatic	hépatique	hepat	hépat	80
394	heraldic	héraldique	herald	hérald	83
395	heretic	hérétique	heret	héret	80
396	hermaphroditic	hermaphrodite	hermaphrodit	hermaphrodit	100
397	hermeneutic	herméneutique	hermeneut	herméneut	89
398	hermetic	hermétique	hermet	hermet	100
399	heroic	héroïque	heroic	héroïqu	46
400	heuristic	heuristique	heurist	heurist	100
401	hic	hoquet	hic	hoquet	22
402	hierarchic	hiérarchique	hierarch	hiérarch	88
403	hieratic	hiératique	hierat	hiérat	83
404	hieroglyphic	hiéroglyphique	hieroglyph	hiéroglyph	90
405	hispanic	hispanique	hispan	hispan	100
406	historic	historique	histor	histor	100
407	histrionic	théâtral	histrion	théâtral	38
408	holistic	holistique	holist	holist	100
409	holographic	holographique	holograph	holograph	100
410	homoeopathic	homéopathique	homoeopath	homéopath	84
411	homophobic	homophobe	homophob	homophob	100
412	honorific	honorifique	honorif	honorif	100
413	horrific	horrible	horrif	horribl	77
414	hubristic	hubristique	hubrist	hubrist	100
415	humanistic	humaniste	humanist	human	77
416	hydraulic	hydraulique	hydraul	hydraul	100
417	hydrochloric	chlorhydrique	hydrochlor	chlorhydr	53
418	hydrodynamic	hydrodynamique	hydrodynam	hydrodynam	100
419	hydroelectric	hydro-électrique	hydroelectr	hydro-électr	87
420	hydrofluoric	hydrofluorique	hydrofluor	hydrofluor	100
421	hydrographic	hydrographique	hydrograph	hydrograph	100
422	hydromagnetic	hydromagnétique	hydromagnet	hydromagnet	100
423	hydrophobic	hydrophobe	hydrophob	hydrophob	100
424	hydrostatic	hydrostatique	hydrostat	hydrostat	100
425	hygienic	hygiénique	hygien	hygien	100
426	hygroscopic	hygroscopique	hygroscop	hygroscop	100
427	hyperbolic	hyperbolique	hyperbol	hyperbol	100
428	hypersonic	hypersonique	hyperson	hyperson	100
429	hypertonic	hypertonique	hyperton	hyperton	100
430	hypnotic	hypnotique	hypnot	hypnot	100
431	hypochondriac	hypocondriaque	hypochondriac	hypocondriaqu	85
432	hypodermic	hypodermique	hypoderm	hypoderm	100
433	hypoglycaemic	hypoglycémique	hypoglycaem	hypoglycem	95
434	hysteric	hystérique	hyster	hyster	100
435	iambic	iambique	iambic	iambiqu	77
436	iatrogenic	iatrogène	iatrogen	iatrogen	100
437	iconic	iconique	icon	icon	100
438	iconoclastic	iconoclaste	iconoclast	iconoclast	100
439	iconographic	iconographique	iconograph	iconograph	100
440	idealistic	idéaliste	idealist	idéal	62
441	ideographic	idéographique	ideograph	idéograph	89
442	idiomatic	idiomatique	idiomat	idiomat	100
443	idiopathic	idiopathique	idiopath	idiopath	100
444	idiosyncratic	particulier	idiosyncrat	particuli	20
445	idiotic	idiot	idiot	idiot	100
446	idyllic	idyllique	idyl	idyll	89
447	illogic	illogique	illog	illog	100
448	imbecilic	imbécile	imbecil	imbécil	86
449	imperialistic	impérialiste	imperialist	impérial	74
450	impolitic	impolitique	impolit	impolit	100
451	impressionistic	impressionniste	impressionist	impression	87
452	individualistic	individualiste	individualist	individual	87
453	inelastic	inélastique	inelast	inélast	86
454	inorganic	inorganique	inorgan	inorgan	100
455	insomniac	insomniaque	insomniac	insomniaqu	84
456	interatomic	interatomique	interatom	interatom	100
457	interferometric	interférométrique	interferometr	interférometr	92
458	intergalactic	intergalactique	intergalact	intergalact	100
459	intrinsic	intrinsèque	intrins	intrinsequ	82
460	ionic	ionique	ionic	ioniqu	73
461	ionospheric	ionosphérique	ionospher	ionospher	100
462	ironic	ironique	iron	iron	100
463	islamic	islamique	islam	islam	100
464	isomeric	isomérique	isomer	isomer	100
465	isometric	isométrique	isometr	isometr	100
466	isomorphic	isomorphe	isomorph	isomorph	100
467	isostatic	isostatique	isostat	isostat	100
468	isotonic	isotonique	isoton	isoton	100
469	isotopic	isotope	isotop	isotop	100
470	isotropic	isotrope	isotrop	isotrop	100
471	italic	italique	ital	ital	100
472	jingoistic	jingoistique	jingoist	jingoist	100
473	journalistic	journalistique	journalist	journalist	100
474	judaic	judaïque	judaic	judaïqu	62
475	jurassic	jurassique	jurass	jurass	100
476	juridic	juridique	jurid	jurid	100
477	juristic	juridique	jurist	jurid	73
478	kaleidoscopic	kaléidoscopique	kaleidoscop	kaléidoscop	91
479	kinematic	cinématique	kinemat	cinémat	71
480	kinetic	cinétique	kinet	cinet	80
481	kleptomaniac	kleptomane	kleptomaniac	kleptoman	86
482	laconic	laconique	lacon	lacon	100
483	lactic	lactique	lactic	lactiqu	77
484	legalistic	légaliste	legalist	légal	62
485	lethargic	léthargique	letharg	létharg	86
486	lexicographic	lexicographique	lexicograph	lexicograph	100
487	lilac	lilas	lilac	lil	75
488	linguistic	linguistique	linguist	linguist	100
489	literalistic	littéraliste	literalist	littéral	67
490	lithographic	lithographique	lithograph	lithograph	100
491	logarithmic	logarithmique	logarithm	logarithm	100
492	logic	logique	logic	logiqu	73
493	logistic	la logistique	logist	la logist	80
494	lunatic	fou	lunat	fou	25
495	lymphatic	lymphatique	lymphat	lymphat	100
496	lymphocytic	lymphocytaire	lymphocyt	lymphocytair	86
497	lyric	lyrique	lyric	lyriqu	73
498	mac	Mac	mac	mac	100
499	macrobiotic	macrobiotique	macrobiot	macrobiot	100
500	macroeconomic	macroéconomique	macroeconom	macroéconom	91
501	macroscopic	macroscopique	macroscop	macroscop	100
502	magic	la magie	magic	la mag	55
503	magmatic	magmatique	magmat	magmat	100
504	magnetic	magnétique	magnet	magnet	100
505	majestic	majestueux	majest	majestu	92
506	maniac	maniaque	maniac	maniaqu	77
507	manic	maniaque	manic	maniaqu	67
508	masochistic	masochiste	masochist	masoch	80
509	masonic	maçonnique	mason	maçon	80
510	materialistic	matérialiste	materialist	matérial	74
511	mechanic	mécanicien	mechan	mécanicien	50
512	mechanistic	mécaniste	mechanist	mécan	57
513	medic	médical	medic	médical	67
514	megalithic	mégalithique	megalith	mégalith	88
515	megalomaniac	mégalomane	megalomaniac	mégaloman	76
516	megaparsec	mégaparsec	megaparsec	mégaparsec	90
517	meiotic	méiotique	meiotic	méiot	67
518	melancholic	mélancolique	melanchol	mélancol	82
519	melodic	mélodique	melod	mélod	80
520	melodramatic	mélodramatique	melodramat	mélodramat	90
521	mentalistic	mentaliste	mentalist	mental	80
522	mercuric	mercurique	mercur	mercur	100
523	meritocratic	méritocratique	meritocrat	méritocrat	90
524	meromorphic	méromorphe	meromorph	méromorph	89
525	mesmeric	magnétique	mesmer	magnet	33
526	mesolithic	mésolithique	mesolith	mésolith	88
527	mesozoic	mésozoïque	mesozo	mésozoïqu	67
528	metabolic	métabolique	metabol	métabol	86
529	metalinguistic	métalinguistique	metalinguist	métalinguist	92
530	metallic	métallique	metal	métall	73
531	metamorphic	métamorphique	metamorph	métamorph	89
532	metaphoric	métaphorique	metaphor	métaphor	88
533	metastatic	métastatique	metastat	métastat	88
534	meteoric	météorique	meteor	météor	67
535	meteoritic	météoritique	meteorit	météorit	75
536	metonymic	métonymique	metonym	métonym	86
537	metric	métrique	metric	métriqu	62
538	metronomic	métronomique	metronom	métronom	88
539	microbic	microbienne	microb	microbien	80
540	microcosmic	microcosmique	microcosm	microcosm	100
541	microelectronic	microélectronique	microelectron	microélectron	92
542	microscopic	microscopique	microscop	microscop	100
543	militaristic	militariste	militarist	militar	82
544	mimetic	mimétique	mimet	mimet	100
545	mimic	imiter	mimic	imit	67
546	minimalistic	minimaliste	minimalist	minimal	82
547	misanthropic	misanthropique	misanthrop	misanthrop	100
548	misogynistic	misogyne	misogynist	misogyn	82
549	mnemonic	mnémonique	mnemon	mnémon	83
550	modernistic	moderniste	modernist	modern	80
551	mollusc	mollusque	mollusc	mollusqu	80
552	monadic	monadique	monad	monad	100
553	monarchic	monarchique	monarch	monarch	100
554	monastic	monastique	monast	monast	100
555	monochromatic	monochromatique	monochromat	monochromat	100
556	monographic	monographique	monograph	monograph	100
557	monolithic	monolithique	monolith	monolith	100
558	monomeric	monomère	monomer	monomer	100
559	monophonic	monophonique	monophon	monophon	100
560	monopolistic	monopolistique	monopolist	monopolist	100
561	monosyllabic	monosyllabique	monosyllab	monosyllab	100
562	monotheistic	monothéiste	monotheist	monothé	71
563	monotonic	monotone	monoton	monoton	100
564	moralistic	moraliste	moralist	moral	77
565	moronic	débile	moron	débil	0
566	morphogenetic	morphogénétique	morphogenet	morphogénet	91
567	mosaic	mosaïque	mosaic	mosaïqu	62
568	music	musique	music	musiqu	73
569	myalgic	myalgique	myalgic	myalgiqu	80
570	myopic	myope	myopic	myop	80
571	mystic	mystique	mystic	mystiqu	77
572	mythic	mythique	mythic	mythiqu	77
573	narcissistic	narcissique	narcissist	narciss	82
574	narcoleptic	narcoleptique	narcolept	narcolept	100
575	narcotic	narcotique	narcot	narcot	100
576	nationalistic	nationaliste	nationalist	national	84
577	naturalistic	naturaliste	naturalist	natural	82
578	necromantic	nécromantique	necromant	nécromant	89
579	necrophiliac	nécrophile	necrophiliac	nécrophil	76
580	necrotic	nécrotique	necrot	nécrot	83
581	neolithic	néolithique	neolith	néolith	86
582	neurotic	névrosé	neurot	névros	50
583	nihilistic	nihiliste	nihilist	nihil	77
584	nitric	nitrique	nitric	nitriqu	77
585	nomadic	nomade	nomad	nomad	100
586	nordic	nordique	nordic	nordiqu	77
587	nostalgic	nostalgique	nostalg	nostalg	100
588	novelistic	romanesque	novelist	romanesqu	35
589	nucleic	nucléique	nucleic	nucléiqu	67
590	numeric	numérique	numer	numer	100
591	numismatic	numismatique	numismat	numismat	100
592	nymphomaniac	nymphomane	nymphomaniac	nymphoman	86
593	obstetric	obstétrique	obstetr	obstetr	100
594	oceanic	océanique	ocean	océan	80
595	oceanographic	océanographique	oceanograph	océanograph	91
596	ohmic	ohmique	ohmic	ohmiqu	73
597	olympic	olympique	olymp	olymp	100
598	oolitic	oolithique	oolit	oolith	91
599	operatic	opératique	operat	opérat	83
600	ophthalmic	ophtalmique	ophthalm	ophtalm	93
601	opportunistic	opportuniste	opportunist	opportun	84
602	optic	optique	optic	optiqu	73
603	optimistic	optimiste	optimist	optim	77
604	optoelectronic	optoélectronique	optoelectron	optoélectron	92
605	organic	biologique	organ	biolog	36
606	orthographic	orthographique	orthograph	orthograph	100
607	orthopaedic	orthopédique	orthopaed	orthoped	94
608	orthorhombic	orthorhombique	orthorhomb	orthorhomb	100
609	osmotic	osmotique	osmot	osmot	100
610	overdramatic	trop dramatique	overdramat	trop dramat	67
611	overenthusiastic	trop enthousiaste	overenthusiast	trop enthousiast	73
612	overoptimistic	trop optimiste	overoptimist	trop optim	55
613	oxalic	oxalique	oxal	oxal	100
614	pacific	pacifique	pacif	pacif	100
615	paediatric	pédiatrique	paediatr	pédiatr	80
616	palaeographic	paléographique	palaeograph	paléograph	86
617	palaeolithic	paléolithique	palaeolith	paléolith	84
618	palindromic	palindromique	palindrom	palindrom	100
619	pancreatic	pancréatique	pancreat	pancréat	88
620	pandemic	pandémie	pandem	pandem	100
621	panic	panique	panic	paniqu	73
622	panoramic	panoramique	panoram	panoram	100
623	pantheistic	panthéiste	pantheist	panthéist	89
624	parabolic	parabolique	parabol	parabol	100
625	paradigmatic	paradigmatique	paradigmat	paradigmat	100
626	paralinguistic	paralinguistique	paralinguist	paralinguist	100
627	paralytic	paralytique	paralyt	paralyt	100
628	paramagnetic	paramagnétique	paramagnet	paramagnet	100
629	paramedic	paramédical	paramed	paramédical	67
630	parametric	paramétrique	parametr	parametr	100
631	paranoiac	paranoïaque	paranoiac	paranoïaqu	74
632	paraplegic	paraplégique	parapleg	parapleg	100
633	parasitic	parasite	parasit	parasit	100
634	parenthetic	parenthétique	parenthet	parenthet	100
635	parsec	parsec	parsec	parsec	100
636	paternalistic	paternaliste	paternalist	paternal	84
637	pathetic	pathétique	pathet	pathet	100
638	pathogenic	pathogène	pathogen	pathogen	100
639	patriotic	patriotique	patriot	patriot	100
640	pedagogic	pédagogique	pedagog	pédagog	86
641	pedantic	pédant	pedant	ped	67
642	pelvic	pelvien	pelvic	pelvien	77
643	pentasyllabic	pentasyllabique	pentasyllab	pentasyllab	100
644	pentatonic	pentatonique	pentaton	pentaton	100
645	peptic	peptique	peptic	peptiqu	77
646	periodic	périodique	period	périod	83
647	peripatetic	ambulant	peripatet	ambul	14
648	periphrastic	périphrastique	periphrast	périphrast	90
649	pessimistic	pessimiste	pessimist	pessim	80
650	petrographic	pétrographique	petrograph	pétrograph	90
651	philanthropic	philanthropique	philanthrop	philanthrop	100
652	philatelic	philatélique	philatel	philatel	100
653	philharmonic	philharmonique	philharmon	philharmon	100
654	philosophic	philosophique	philosoph	philosoph	100
655	phlegmatic	flegmatique	phlegmat	flegmat	80
656	phobic	phobique	phobic	phobiqu	77
657	phonemic	phonémique	phonem	phonem	100
658	phonetic	phonétique	phonet	phonet	100
659	phonographic	phonographique	phonograph	phonograph	100
660	phosphatic	phosphaté	phosphat	phosphat	100
661	phosphoric	phosphorique	phosphor	phosphor	100
662	photoelectric	photo-électrique	photoelectr	photo-électr	87
663	photogenic	photogénique	photogen	photogen	100
664	photographic	photographique	photograph	photograph	100
665	photolytic	photolytique	photolyt	photolyt	100
666	photometric	photométrique	photometr	photometr	100
667	photosynthetic	photosynthétique	photosynthet	photosynthet	100
668	photovoltaic	photovoltaïque	photovolta	photovoltaïqu	87
669	phylogenetic	phylogénétique	phylogenet	phylogénet	90
670	physic	physique	physic	physiqu	77
671	pianistic	pianistique	pianist	pianist	100
672	picnic	pique-nique	picnic	pique-n	46
673	pictographic	pictographique	pictograph	pictograph	100
674	piezoelectric	piézoélectrique	piezoelectr	piézoélectr	82
675	planktonic	planctonique	plankton	plancton	88
676	plastic	Plastique	plastic	plastiqu	80
677	platonic	platonique	platon	platon	100
678	pluralistic	pluraliste	pluralist	plural	80
679	plutonic	plutonique	pluton	pluton	100
680	pneumatic	pneumatique	pneumat	pneumat	100
681	poetic	poétique	poetic	poétiqu	62
682	poikilothermic	poikilothermique	poikilotherm	poikilotherm	100
683	polemic	polémique	polem	polem	100
684	politic	politique	polit	polit	100
685	polyatomic	polyatomique	polyatom	polyatom	100
686	polychromatic	polychrome	polychromat	polychrom	90
687	polycyclic	polycyclique	polycycl	polycycl	100
688	polymeric	polymère	polymer	polymer	100
689	polymorphic	polymorphe	polymorph	polymorph	100
690	polyphonic	polyphonique	polyphon	polyphon	100
691	polysyllabic	polysyllabique	polysyllab	polysyllab	100
692	polytechnic	polytechnique	polytechn	polytechn	100
693	polytheistic	polythéiste	polytheist	polythé	71
694	popmusic	musique pop	popmus	musique pop	35
695	pornographic	pornographique	pornograph	pornograph	100
696	porphyritic	porphyritique	porphyrit	porphyrit	100
697	pragmatic	pragmatique	pragmat	pragmat	100
698	prehistoric	préhistorique	prehistor	préhistor	89
699	priapic	priapique	priapic	priapiqu	80
700	prismatic	prismatique	prismat	prismat	100
701	probabilistic	probabiliste	probabilist	probabil	84
702	problematic	problématique	problemat	problémat	89
703	programmatic	programmatique	programmat	programmat	100
704	prolific	prolifique	prolif	prolif	100
705	prophetic	prophétique	prophet	prophet	100
706	prophylactic	prophylactique	prophylact	prophylact	100
707	prosaic	prosaïque	prosaic	prosaïqu	67
708	prosodic	prosodique	prosod	prosod	100
709	prostatic	prostatique	prostat	prostat	100
710	prosthetic	prothétique	prosthet	prothet	93
711	protoplasmic	protoplasmique	protoplasm	protoplasm	100
712	prussic	prussique	prussic	prussiqu	80
713	psychedelic	psychédélique	psychedel	psychédel	89
714	psychiatric	psychiatrique	psychiatr	psychiatr	100
715	psychic	psychique	psychic	psychiqu	80
716	psychoanalytic	psychanalytique	psychoanalyt	psychanalyt	96
717	psychokinetic	psychocinétique	psychokinet	psychocinet	91
718	psycholinguistic	psycholinguistique	psycholinguist	psycholinguist	100
719	psychometric	psychométrique	psychometr	psychometr	100
720	psychopathic	psychopathique	psychopath	psychopath	100
721	psychosomatic	psychosomatique	psychosomat	psychosomat	100
722	psychotic	psychotique	psychot	psychot	100
723	pubic	pubien	pubic	pubien	73
724	public	Publique	public	publiqu	77
725	pugilistic	pugilistique	pugilist	pugilist	100
726	pyromaniac	pyromane	pyromaniac	pyroman	82
727	pyrotechnic	pyrotechnique	pyrotechn	pyrotechn	100
728	quadratic	quadratique	quadrat	quadrat	100
729	quadrophonic	quadrophonique	quadrophon	quadrophon	100
730	quartic	quartique	quartic	quartiqu	80
731	quebec	Québec	quebec	québec	83
732	quintic	quintique	quintic	quintiqu	80
733	quixotic	chimérique	quixot	chimer	17
734	radiographic	radiographique	radiograph	radiograph	100
735	radiometric	radiométrique	radiometr	radiometr	100
736	rationalistic	rationaliste	rationalist	rational	84
737	realistic	réaliste	realist	réalist	86
738	relativistic	relativiste	relativist	relativ	82
739	relic	relique	relic	reliqu	73
740	republic	république	republ	républ	83
741	rhapsodic	rhapsodique	rhapsod	rhapsod	100
742	rhetoric	rhétorique	rhetor	rhétor	83
743	rheumatic	rhumatismal	rheumat	rhumatismal	67
744	rhombic	rhombique	rhombic	rhombiqu	80
745	rhythmic	rythmique	rhythmic	rythmiqu	75
746	ribonucleic	ribonucléique	ribonucl	ribonuclé	94
747	ritualistic	ritualiste	ritualist	ritual	80
748	robotic	robotique	robot	robot	100
749	roc	roc	roc	roc	100
750	romantic	romantique	romant	romant	100
751	rubric	rubrique	rubric	rubriqu	77
752	rustic	rustique	rustic	rustiqu	77
753	sac	sac	sac	sac	100
754	sadistic	sadique	sadist	sadiqu	67
755	sadomasochistic	sadomasochiste	sadomasochist	sadomasoch	87
756	salicylic	salicylique	salicyl	salicyl	100
757	sarcastic	sarcastique	sarcast	sarcast	100
758	sardonic	sardonique	sardon	sardon	100
759	satanic	satanique	satan	satan	100
760	satiric	satirique	satir	satir	100
761	satyric	satyrique	satyr	satyr	100
762	scenic	scénique	scenic	scéniqu	62
763	sceptic	sceptique	sceptic	sceptiqu	80
764	schematic	schématique	schemat	schémat	86
765	schismatic	schismatique	schismat	schismat	100
766	schizophrenic	schizophrène	schizophren	schizophren	100
767	scholastic	scolaire	scholast	scolair	67
768	scientific	scientifique	scientif	scientif	100
769	sec	seconde	sec	second	67
770	seismic	sismique	seismic	sismiqu	71
771	semantic	sémantique	semant	sémant	83
772	semitic	sémitique	semit	sémit	80
773	sensationalistic	sensationnaliste	sensationalist	sensationnal	85
774	septic	septique	septic	septiqu	77
775	seraphic	séraphique	seraph	séraph	83
776	shamanic	chamanique	shaman	chaman	83
777	shamanistic	chamanique	shamanist	chaman	67
778	shellac	gomme laque	shellac	gomme laqu	35
779	sic	sic	sic	sic	100
780	simplistic	simpliste	simplist	simplist	100
781	skeptic	sceptique	skeptic	sceptiqu	67
782	slavic	slave	slavic	slav	80
783	socialistic	socialiste	socialist	social	80
784	socioeconomic	socio-économique	socioeconom	socio-économ	87
785	sociolinguistic	sociolinguistique	sociolinguist	sociolinguist	100
786	somatic	somatique	somat	somat	100
787	sonic	sonique	sonic	soniqu	73
788	soporific	soporifique	soporif	soporif	100
789	spasmodic	spasmodique	spasmod	spasmod	100
790	spastic	spasmodique	spastic	spasmod	57
791	spec	spec	spec	spec	100
792	specific	spécifique	specif	spécif	83
793	spectrometric	spectrométrique	spectrometr	spectrometr	100
794	spectroscopic	spectroscopique	spectroscop	spectroscop	100
795	spheric	sphérique	spheric	sphériqu	67
796	splenetic	atrabilaire	splenet	atrabilair	12
797	sporadic	sporadique	sporad	sporad	100
798	static	statique	static	statiqu	77
799	statistic	statistique	statist	statist	100
800	stenographic	sténographique	stenograph	sténograph	90
801	stereographic	stéréographique	stereograph	stéréograph	82
802	stereophonic	stéréophonique	stereophon	stéréophon	80
803	stereoscopic	stéréoscopique	stereoscop	stéréoscop	80
804	stochastic	stochastique	stochast	stochast	100
805	stoic	stoïque	stoic	stoïqu	55
806	strategic	stratégique	strateg	strateg	100
807	stratigraphic	stratigraphique	stratigraph	stratigraph	100
808	stratospheric	stratosphérique	stratospher	stratospher	100
809	stylistic	stylistique	stylist	stylist	100
810	subarctic	subarctique	subarct	subarct	100
811	subatomic	subatomique	subatom	subatom	100
812	subharmonic	sous-harmonique	subharmon	sous-harmon	80
813	subsonic	subsonique	subson	subson	100
814	sulphuric	sulfurique	sulphur	sulfur	77
815	supersonic	supersonique	superson	superson	100
816	surrealistic	surréaliste	surrealist	surréal	71
817	sycophantic	flagorneur	sycophant	flagorneur	21
818	syllabic	syllabique	syllab	syllab	100
819	syllogistic	syllogistique	syllogist	syllogist	100
820	symbiotic	symbiotique	symbiot	symbiot	100
821	symbolic	symbolique	symbol	symbol	100
822	symmetric	symétrique	symmetr	symetr	92
823	sympathetic	sympathique	sympathet	sympath	88
824	symphonic	symphonique	symphon	symphon	100
825	symptomatic	symptomatique	symptomat	symptomat	100
826	synaptic	synaptique	synapt	synapt	100
827	sync	synchroniser	sync	synchronis	57
828	synchronic	synchronisé	synchron	synchronis	89
829	syncretic	syncrétique	syncret	syncret	100
830	synergistic	synergique	synergist	synerg	80
831	synodic	synodique	synod	synod	100
832	synonymic	synonymique	synonym	synonym	100
833	synoptic	synoptique	synopt	synopt	100
834	syntactic	syntaxique	syntact	syntax	77
835	syntagmatic	syntagmatique	syntagmat	syntagmat	100
836	synthetic	synthétique	synthet	synthet	100
837	syphilitic	syphilitique	syphilit	syphilit	100
838	systematic	systématique	systemat	systémat	88
839	systemic	systémique	system	system	100
840	systolic	systolique	systol	systol	100
841	tactic	tactique	tactic	tactiqu	77
842	talc	talc	talc	talc	100
843	tannic	tannique	tannic	tanniqu	77
844	tarmac	macadam	tarmac	macadam	46
845	tartaric	tartrique	tartar	tartriqu	71
846	taxonomic	taxinomique	taxonom	taxinom	86
847	technocratic	technocratique	technocrat	technocrat	100
848	technophobic	technophobe	technophob	technophob	100
849	tectonic	tectonique	tecton	tecton	100
850	telegraphic	télégraphique	telegraph	télégraph	78
851	telepathic	télépathique	telepath	télépath	75
852	telephonic	téléphonique	telephon	téléphon	75
853	telescopic	télescopique	telescop	télescop	88
854	terrific	terrifiant	terrif	terrifi	92
855	theistic	théiste	theistic	théist	71
856	thematic	thématique	themat	thémat	83
857	theoretic	théorique	theoret	théoriqu	53
858	therapeutic	thérapeutique	therapeut	thérapeut	89
859	thermodynamic	thermodynamique	thermodynam	thermodynam	100
860	thermoelectric	thermoélectrique	thermoelectr	thermoélectr	92
861	thermoplastic	thermoplastique	thermoplast	thermoplast	100
862	thermostatic	thermostatique	thermostat	thermostat	100
863	thoracic	thoracique	thorac	thorac	100
864	tic	tic	tic	tic	100
865	titanic	titanesque	titan	titanesqu	71
866	tokenistic	symbolique	tokenist	symbol	14
867	tonic	Tonique	tonic	toniqu	73
868	topic	sujet	topic	sujet	20
869	topographic	topographique	topograph	topograph	100
870	totemic	totémique	totem	totem	100
871	touristic	touristique	tourist	tourist	100
872	toxic	toxique	toxic	toxiqu	73
873	traffic	circulation	traffic	circul	31
874	tragic	tragique	tragic	tragiqu	77
875	transatlantic	transatlantique	transatlant	transatlant	100
876	transonic	transonique	transon	transon	100
877	traumatic	traumatique	traumat	traumat	100
878	triadic	triadique	triadic	triadiqu	80
879	triatomic	triatomique	triatom	triatom	100
880	trigonometric	trigonométrique	trigonometr	trigonometr	100
881	tropic	tropique	tropic	tropiqu	77
882	tropospheric	troposphérique	tropospher	tropospher	100
883	tunic	tunique	tunic	tuniqu	73
884	turmeric	Safran des Indes	turmer	safran des ind	20
885	typographic	typographique	typograph	typograph	100
886	tyrannic	tyrannique	tyrann	tyrann	100
887	ultrasonic	ultrasonique	ultrason	ultrason	100
888	unaesthetic	inesthétique	unaesthet	inesthet	82
889	unapologetic	sans s'excuser	unapologet	sans s'excus	9
890	uncharacteristic	inhabituel	uncharacterist	inhabituel	42
891	uncharismatic	non charismatique	uncharismat	non charismat	83
892	undemocratic	antidémocratique	undemocrat	antidémocrat	73
893	undiplomatic	peu diplomatique	undiplomat	peu diplomat	82
894	uneconomic	non économique	uneconom	non économ	67
895	unenthusiastic	peu enthousiaste	unenthusiast	peu enthousiast	81
896	unergonomic	non ergonomique	unergonom	non ergonom	80
897	unheroic	non héroïque	unhero	non héroïqu	47
898	unhygienic	non hygiénique	unhygien	non hygien	78
899	unmnemonic	démnémonique	unmnemon	démnémon	62
900	unpatriotic	antipatriotique	unpatriot	antipatriot	80
901	unproblematic	sans problème	unproblemat	sans problem	70
902	unrealistic	irréaliste	unrealist	irréal	40
903	unromantic	peu romantique	unromant	peu romant	78
904	unscientific	peu scientifique	unscientif	peu scientif	82
905	unspecific	non spécifique	unspecif	non spécif	67
906	unsympathetic	antipathique	unsympathet	antipath	53
907	unsystematic	peu systématique	unsystemat	peu systémat	73
908	videodisc	vidéodisque	videodisc	vidéodisqu	74
909	virtuosic	virtuose	virtuos	virtuos	100
910	vitriolic	vitriolique	vitriol	vitriol	100
911	volcanic	volcanique	volcan	volcan	100
912	volumetric	volumétrique	volumetr	volumetr	100
913	voyeuristic	voyeuriste	voyeurist	voyeur	80
914	xenophobic	xénophobe	xenophob	xénophob	88
915	zinc	zinc	zinc	zinc	100
